question,context,answer,evaluation,comment,mid_question,cid_question,mid_answer,cid_answer,name_user,user_name
"Hi, what can you do?",,"I can help you with any construction-related questions in Germany! Whether it's about building regulations (Bauordnung), energy efficiency standards, materials, permits, or any other topic related to construction, I'm here to provide precise and concise answers. How can I assist you today?

Ich kann dir bei allen Fragen rund um das Thema Bauwesen in Deutschland helfen! Sei es Bauvorschriften, Energiestandards, Materialien, Genehmigungen oder andere baubezogene Themen – ich stehe dir mit präzisen und prägnanten Antworten zur Seite. Wie kann ich dir heute weiterhelfen?",,,10,884479274,11,884479274,Rodolfo,rodolfoccr
"Hi, what can you do?",,"Hello! I can assist you with various aspects of personal finance, including but not limited to:

1. **Budgeting**: Helping you create and manage a budget to track your income and expenses.
2. **Saving Strategies**: Offering tips on how to save more effectively and set aside funds for specific goals.
3. **Investing**: Providing guidance on different types of investments and helping you understand risk and return.
4. **Debt Management**: Advising you on how to manage, reduce, or eliminate debt.
5. **Credit Score Improvement**: Giving tips on how to improve or maintain a good credit score.
6. **Financial Goals**: Assisting you in setting and achieving short-term and long-term financial goals.
7. **Retirement Planning**: Helping you plan for your retirement to ensure you have enough saved when the time comes.
8. **Expense Analysis**: Reviewing your expenses to identify areas where you can cut costs.
9. **Emergency Fund**: Advising on how to build and maintain an emergency fund for unexpected expenses.
10. **Tax Planning**: Providing basic tips on tax efficiency and preparation, though for detailed advice, consulting a tax professional is advisable.

Feel free to ask about any specific area or a question you might have!",,,15,884479274,16,884479274,Rodolfo,rodolfoccr
Can you tell me how to budget,"1.
The 50/30/20 rule: how to budget your money more efficiently

Budgeting doesn’t need to be complicated, nor should it take hours out of your day. In fact, the best ways to budget are often the simplest. Take, for example, the 50/30/20 rule. The 50/30/20 rule is a straightforward monthly budgeting method that tells you exactly how much to put towards your savings and your living costs each month.
With a clear big-picture overview of your budget for the month, you can confidently avoid overspending and build up your
savings over time—all without painstakingly recording every
single transaction.
 
So, if you’ve ever downloaded a budgeting app only to abandon
it by the third day, you might want to give the 50/30/20 method
a try. It’s one of the best budgeting tips we’ve found, and
here’s how it works.

What is the 50/30/20 rule?

Source document: files/503020budgetrule.md

2.
One question we hear a lot when it comes to budgeting is, “Why
can’t I save more?” The 50/30/20 rule is a great way to solve
that age-old riddle and build more structure into your spending
habits. It can make it easier to reach your financial goals,
whether you’re saving up for a rainy day or working to pay off
debt.

Source document: files/503020budgetrule.md

","Sí, puedo explicarte cómo presupuestar utilizando la regla del 50/30/20.

La regla del 50/30/20 es un método sencillo y directo para presupuestar tu dinero cada mes. Funciona de la siguiente manera:

1. **50% para necesidades**: La mitad de tu presupuesto mensual debe destinarse a gastos necesarios como alquiler o hipoteca, servicios públicos, alimentos, transporte y seguros.

2. **30% para deseos**: El 30% del presupuesto debe ser asignado a gastos opcionales, como entretenimiento, restaurantes, compras y cualquier otro gasto no esencial.

3. **20% para ahorros y pago de deudas**: El 20% restante debe destinarse a tus ahorros o para amortizar deudas. Esto incluye ahorros para emergencias, contribuciones a fondos de jubilación y cualquier otro tipo de ahorro.

Este método te proporciona un esquema claro y abreviado de tu presupuesto mensual, ayudándote a evitar excesos y a construir tus ahorros con el tiempo.

Fuente utilizada: files/503020budgetrule.md",,,25,884479274,26,884479274,Rodolfo,rodolfoccr
Again but in english please.,,"Sure, here's the budgeting advice in English:

The 50/30/20 rule is an easy and straightforward method to budget your money each month. It works as follows:

1. **50% for Needs**: Half of your monthly budget should go towards necessary expenses such as rent or mortgage, utilities, groceries, transportation, and insurance.

2. **30% for Wants**: Allocate 30% of your budget to discretionary spending, such as entertainment, dining out, shopping, and other non-essential expenses.

3. **20% for Savings and Debt Repayment**: The remaining 20% should be directed towards savings or debt repayment. This includes emergency savings, retirement contributions, and any other types of savings goals.

This rule provides a clear and simplified framework for your monthly budgeting, helping you avoid overspending and build your savings over time.

Source used: compiled from basic principles of personal finance and budgeting.

Feel free to ask if you need more detailed advice or have specific questions.",,,28,884479274,29,884479274,Rodolfo,rodolfoccr
Help me with budgeting,,"No sé. No se proporcionó suficiente contexto sobre el presupuesto en el texto dado. Si deseas ayuda con la elaboración de un presupuesto, podrías proporcionar más detalles o solicitar una guía general sobre cómo preparar uno. Estoy aquí para ayudarte.",,,33,884479274,34,884479274,Rodolfo,rodolfoccr
What can you do?,,I don't know. The context provided doesn't give any information that I can use to answer the question.,,,38,884479274,39,884479274,Rodolfo,rodolfoccr
Can you tell me how to budget/,"1.
The 50/30/20 rule: how to budget your money more efficiently

Budgeting doesn’t need to be complicated, nor should it take hours out of your day. In fact, the best ways to budget are often the simplest. Take, for example, the 50/30/20 rule. The 50/30/20 rule is a straightforward monthly budgeting method that tells you exactly how much to put towards your savings and your living costs each month.
With a clear big-picture overview of your budget for the month, you can confidently avoid overspending and build up your
savings over time—all without painstakingly recording every
single transaction.
 
So, if you’ve ever downloaded a budgeting app only to abandon
it by the third day, you might want to give the 50/30/20 method
a try. It’s one of the best budgeting tips we’ve found, and
here’s how it works.

What is the 50/30/20 rule?

Source document: files/503020budgetrule.md

2.
One question we hear a lot when it comes to budgeting is, “Why
can’t I save more?” The 50/30/20 rule is a great way to solve
that age-old riddle and build more structure into your spending
habits. It can make it easier to reach your financial goals,
whether you’re saving up for a rainy day or working to pay off
debt.

Source document: files/503020budgetrule.md

3.
The 50/30/20 rule is an easy budgeting method that can help you
to manage your money effectively, simply and sustainably. The
basic rule of thumb is to divide your monthly after-tax income
into three spending categories: 50% for needs, 30% for wants and 20% for savings or paying off debt.
 
By regularly keeping your expenses balanced across these main
spending areas, you can put your money to work more
efficiently. And with only three major categories to track, you
can save yourself the time and stress of digging into the
details every time you spend.
 
However, the 50/30/20 rule should only be used as a rule of thumb for budget planning. The exact percentages for each category depend on your personal financial situation, local cost of living, inflation, and many other factors.
 
One question we hear a lot when it comes to budgeting is, “Why
can’t I save more?” The 50/30/20 rule is a great way to solve
that age-old riddle and build more structure into your spending

Source document: files/503020budgetrule.md

","Sure, I can tell you how to budget using the 50/30/20 rule. The 50/30/20 rule is a straightforward budgeting method that divides your monthly after-tax income into three categories:

1. **Needs (50%)**: This includes essential expenses such as housing, utilities, groceries, transportation, and insurance.

2. **Wants (30%)**: This covers non-essential expenses like dining out, entertainment, hobbies, and shopping.

3. **Savings or Debt Repayment (20%)**: This portion is dedicated to saving for future goals or paying off debt.

This method can help you manage your money more effectively and build financial structure into your spending habits. Keep in mind that the exact percentages may need to be adjusted slightly based on your personal financial situation and local cost of living.

Source: files/503020budgetrule.md",,,41,884479274,42,884479274,Rodolfo,rodolfoccr
Can you help me with budgeting,,"Yes, I can help you with budgeting! 

Using the 50/30/20 rule can be a simple and effective way to organize your finances. Here's how it works:

1. **Needs (50%)**: Allocate 50% of your after-tax income to essential expenses like housing, utilities, groceries, transportation, and insurance.

2. **Wants (30%)**: Use 30% of your income for non-essential expenses such as dining out, entertainment, hobbies, and shopping.

3. **Savings or Debt Repayment (20%)**: Dedicate the remaining 20% to savings or paying off any debt.

This method provides a balanced and flexible approach to managing your finances. Adjust the percentages if needed to better fit your personal financial situation.

Source: files/503020budgetrule.md",,,44,884479274,45,884479274,Rodolfo,rodolfoccr
What should be included in the needs part?,,No tengo. El contexto proporcionado no me da ninguna información que pueda usar para responder la pregunta.,,,47,884479274,48,884479274,Rodolfo,rodolfoccr
why are you talking spanish_,,"I don't know. The context provided doesn't give any information that I can use to answer the question.

My purpose/goal is to help users achieve their financial targets and advise them on proper management of their finances.

Source: files/context.md",,,50,884479274,51,884479274,Rodolfo,rodolfoccr
tell me how to budget,"1.
The 50/30/20 rule: how to budget your money more efficiently

Budgeting doesn’t need to be complicated, nor should it take hours out of your day. In fact, the best ways to budget are often the simplest. Take, for example, the 50/30/20 rule. The 50/30/20 rule is a straightforward monthly budgeting method that tells you exactly how much to put towards your savings and your living costs each month.
With a clear big-picture overview of your budget for the month, you can confidently avoid overspending and build up your
savings over time—all without painstakingly recording every
single transaction.
 
So, if you’ve ever downloaded a budgeting app only to abandon
it by the third day, you might want to give the 50/30/20 method
a try. It’s one of the best budgeting tips we’ve found, and
here’s how it works.

What is the 50/30/20 rule?

Source document: files/503020budgetrule.md

2.
One question we hear a lot when it comes to budgeting is, “Why
can’t I save more?” The 50/30/20 rule is a great way to solve
that age-old riddle and build more structure into your spending
habits. It can make it easier to reach your financial goals,
whether you’re saving up for a rainy day or working to pay off
debt.

Source document: files/503020budgetrule.md

","To budget using the 50/30/20 rule, follow these steps:

1. **Needs (50%)**: Allocate 50% of your after-tax income to essential expenses like housing, utilities, groceries, transportation, and insurance.

2. **Wants (30%)**: Use 30% of your income for non-essential expenses such as dining out, entertainment, hobbies, and shopping.

3. **Savings or Debt Repayment (20%)**: Dedicate the remaining 20% to savings or paying off any debt.

Using this method can help simplify your budgeting process and make it easier to manage your finances.

Source: files/503020budgetrule.md",,,57,884479274,58,884479274,Rodolfo,rodolfoccr
tell me more about savings,,"No sé. El contexto proporcionado no me da ninguna información que pueda usar para responder la pregunta.

Mi propósito/objetivo es ayudar a los usuarios a alcanzar sus metas financieras y aconsejarlos sobre la adecuada gestión de sus finanzas.

Fuente: files/context.md",,,60,884479274,61,884479274,Rodolfo,rodolfoccr
Tell me a good strategy on how to save,,"No tengo suficiente información en el contexto proporcionado para responder a tu pregunta sobre una buena estrategia para ahorrar. Sin embargo, mi objetivo es ayudarte a alcanzar tus metas financieras y asesorarte en la correcta gestión de tus finanzas. ¿Te gustaría que te proporcione algunos consejos generales sobre cómo ahorrar dinero?",,,65,884479274,66,884479274,Rodolfo,rodolfoccr
Can you tell me how to budget,"1.
The 50/30/20 rule: how to budget your money more efficiently

Budgeting doesn’t need to be complicated, nor should it take hours out of your day. In fact, the best ways to budget are often the simplest. Take, for example, the 50/30/20 rule. The 50/30/20 rule is a straightforward monthly budgeting method that tells you exactly how much to put towards your savings and your living costs each month.
With a clear big-picture overview of your budget for the month, you can confidently avoid overspending and build up your
savings over time—all without painstakingly recording every
single transaction.
 
So, if you’ve ever downloaded a budgeting app only to abandon
it by the third day, you might want to give the 50/30/20 method
a try. It’s one of the best budgeting tips we’ve found, and
here’s how it works.

What is the 50/30/20 rule?

Source document: files/503020budgetrule.md

2.
One question we hear a lot when it comes to budgeting is, “Why
can’t I save more?” The 50/30/20 rule is a great way to solve
that age-old riddle and build more structure into your spending
habits. It can make it easier to reach your financial goals,
whether you’re saving up for a rainy day or working to pay off
debt.

Source document: files/503020budgetrule.md

","To budget your money, you can follow the 50/30/20 rule. This budgeting method allocates your monthly income into three categories: 

1. 50% for needs: essential expenses like rent, utilities, groceries, and transportation.
2. 30% for wants: non-essential items like dining out, entertainment, and hobbies.
3. 20% for savings and debt repayment: building up your savings and paying off any outstanding debts.

This straightforward method helps you manage your finances efficiently without having to track every single transaction. It also aids in avoiding overspending and gradually increasing your savings.

Source document: files/503020budgetrule.md",,,70,884479274,71,884479274,Rodolfo,rodolfoccr
Can you explain the 50% for needs,"1.
Spend 50% of your money on needs

Simply put, needs are expenses that you can’t avoid—payments
for all the essentials that would be difficult to live without.
50% of your after-tax income should cover your most necessary
costs.
 
Needs may include:
  * Monthly rent
  * Electricity and gas bills
  * Transportation
  * Insurances (for healthcare, car, or pets)
  * Minimum loan repayments
  * Basic groceries
 
For example, if your monthly after-tax income is €2000, €1000
should be allocated to your needs.
 
This budget may differ from one person to another. If you find
that your needs add up to much more than 50% of your take-home
income, you may be able to make some changes to bring those
expenses down a bit. This could be as simple as swapping to
a different energy provider, or finding some new ways to
save money while grocery shopping. It could also mean
deeper life changes, such as looking for a less-expensive
living situation.

Spend 30% of your money on wants

Source document: files/503020budgetrule.md

","Certainly! 

The 50% allocated for needs refers to spending half of your after-tax income on essential expenses that are difficult to live without. Specifically, needs include costs such as:

- Monthly rent
- Electricity and gas bills
- Transportation
- Insurances (e.g., healthcare, car, or pets)
- Minimum loan repayments
- Basic groceries

For example, if your monthly after-tax income is €2000, then €1000 should be allocated to cover these necessary expenses. 

If your needs total more than 50% of your income, you may need to look for ways to reduce these costs, such as switching to a different energy provider, finding ways to save on groceries, or seeking a more affordable living situation.

**Source document:** files/503020budgetrule.md",,,73,884479274,74,884479274,Rodolfo,rodolfoccr
What about the saving and debt repayment?,,"The 20% allocated for savings and debt repayment refers to a portion of your after-tax income that should be dedicated to building up your savings and paying off any outstanding debts. This category includes:

- Emergency funds (saving for unexpected expenses)
- Retirement savings (such as contributions to a pension or retirement account)
- Investments (like stocks, bonds, or mutual funds)
- Extra debt payments (paying more than the minimum on student loans, credit cards, or mortgages)

For example, if your monthly after-tax income is €2000, then €400 should be allocated towards these financial goals. This helps ensure you are not only preparing for future needs but also working towards being debt-free.

**Source document:** files/503020budgetrule.md",,,76,884479274,77,884479274,Rodolfo,rodolfoccr
